repository	commit	file	git_blob_sha	url
FYYFU/HeadKV	0862a0955fe82e9ff611d59541918e02c5def625	headkv/snapkv_utils.py	681e6b5134089e0c5886e4751361e89b0d85bf82	https://github.com/FYYFU/HeadKV/blob/0862a0955fe82e9ff611d59541918e02c5def625/headkv/snapkv_utils.py
FYYFU/HeadKV	0862a0955fe82e9ff611d59541918e02c5def625	csrc/csrc/cuda_api.cu	2976a8f73b795770d64796b17bb8d237422168cb	https://github.com/FYYFU/HeadKV/blob/0862a0955fe82e9ff611d59541918e02c5def625/csrc/csrc/cuda_api.cu
FYYFU/HeadKV	0862a0955fe82e9ff611d59541918e02c5def625	headkv/adaptive_llama_hijack.py	d8fed29d932374b0ef1932e3a4817031f66c8c95	https://github.com/FYYFU/HeadKV/blob/0862a0955fe82e9ff611d59541918e02c5def625/headkv/adaptive_llama_hijack.py
FFY0/AdaKV	04497abac4c1a58426f3daf1014578990e225cc5	adaptive_snapkv/monkeypatch/snapkv_utils.py	7eb8ed47fb6796c335072d2e4094533b1e68e7b0	https://github.com/FFY0/AdaKV/blob/04497abac4c1a58426f3daf1014578990e225cc5/adaptive_snapkv/monkeypatch/snapkv_utils.py
FFY0/AdaKV	04497abac4c1a58426f3daf1014578990e225cc5	csrc/csrc/cuda_api.cu	a9d897eba59ef992bf0a4d12e176f2a18cfa8c2b	https://github.com/FFY0/AdaKV/blob/04497abac4c1a58426f3daf1014578990e225cc5/csrc/csrc/cuda_api.cu
FFY0/AdaKV	04497abac4c1a58426f3daf1014578990e225cc5	adaptive_snapkv/monkeypatch/adaptive_llama_hijack.py	f0a9ee26f51a5799832c28ac41e2aff0347cfd33	https://github.com/FFY0/AdaKV/blob/04497abac4c1a58426f3daf1014578990e225cc5/adaptive_snapkv/monkeypatch/adaptive_llama_hijack.py
IsaacRe/vllm-kvcompress	5e2a639447aeda377ddfaefdb300fa011bf1cad3	csrc/kvcompress_cache_kernels.cu	f98332c605c5ebc81d4da50756a9e7121523f682	https://github.com/IsaacRe/vllm-kvcompress/blob/5e2a639447aeda377ddfaefdb300fa011bf1cad3/csrc/kvcompress_cache_kernels.cu
IsaacRe/vllm-kvcompress	5e2a639447aeda377ddfaefdb300fa011bf1cad3	csrc/kvcompress_eviction_kernels.cu	e8c1a1f7f2fa0a0757a063dc3a51a55a5f0076d7	https://github.com/IsaacRe/vllm-kvcompress/blob/5e2a639447aeda377ddfaefdb300fa011bf1cad3/csrc/kvcompress_eviction_kernels.cu
zyqCSL/DiffKV	c747e6d0fbebd846486b6ee9d3727a6f3b039a6b	csrc/mem_mgt_kernels.cu	5ce8e0af0db7df4216927a58cd287d11eb582db5	https://github.com/zyqCSL/DiffKV/blob/c747e6d0fbebd846486b6ee9d3727a6f3b039a6b/csrc/mem_mgt_kernels.cu
zyqCSL/DiffKV	c747e6d0fbebd846486b6ee9d3727a6f3b039a6b	csrc/attention/sparse_attention_kernels.cu	e9158352f4ffc6d6cd83916651e991a4673d9004	https://github.com/zyqCSL/DiffKV/blob/c747e6d0fbebd846486b6ee9d3727a6f3b039a6b/csrc/attention/sparse_attention_kernels.cu
zyqCSL/DiffKV	c747e6d0fbebd846486b6ee9d3727a6f3b039a6b	csrc/cache_kernels.cu	2d4936d949393aafc05e32c7bd6cc9dae4c9a039	https://github.com/zyqCSL/DiffKV/blob/c747e6d0fbebd846486b6ee9d3727a6f3b039a6b/csrc/cache_kernels.cu
Zefan-Cai/R-KV	6715468b9872442be72e5c97322e4d9c9a2abf55	SGLang/docs/IMPLEMENTATION.md	d725b334d8fd3fbddc911aa75b8715bcaeb263e0	https://github.com/Zefan-Cai/R-KV/blob/6715468b9872442be72e5c97322e4d9c9a2abf55/SGLang/docs/IMPLEMENTATION.md
Zefan-Cai/R-KV	6715468b9872442be72e5c97322e4d9c9a2abf55	SGLang/rkv/integration.py	1ba91c0acad4839e5cbfde75c016eb354d18c3e0	https://github.com/Zefan-Cai/R-KV/blob/6715468b9872442be72e5c97322e4d9c9a2abf55/SGLang/rkv/integration.py
Zefan-Cai/R-KV	6715468b9872442be72e5c97322e4d9c9a2abf55	FlashInfer/rkv/compressor.py	60c810dc5aebd2a41e9c3680898a24e2f53fcd4e	https://github.com/Zefan-Cai/R-KV/blob/6715468b9872442be72e5c97322e4d9c9a2abf55/FlashInfer/rkv/compressor.py
Zefan-Cai/R-KV	6715468b9872442be72e5c97322e4d9c9a2abf55	FlashInfer/rkv/engine.py	0c6468ce564b509427080fa06cdd3dcdbbb1f023	https://github.com/Zefan-Cai/R-KV/blob/6715468b9872442be72e5c97322e4d9c9a2abf55/FlashInfer/rkv/engine.py
mindspore-ai/golden-stick	58619f044a2c9a1c8e02708d3cb5ca9b0bc6e08f	mindspore_gs/sequence_compress/razor_attention/razor_attention.py	1141d4c80dd2b8acf7203fbbe8f256ef8b45bd93	https://github.com/mindspore-ai/golden-stick/blob/58619f044a2c9a1c8e02708d3cb5ca9b0bc6e08f/mindspore_gs/sequence_compress/razor_attention/razor_attention.py

